seed,method,cr,icr,pse,offer_rate,cost,budget_util,overspend,inc_sales,gross_sales
4101,geo,0.137875,0.00825,4.947122976716958,0.044875,670.0,0.9970238095238095,0.0,3314.572394400362,54966.819179598075
4101,linucb,0.13525,0.005625,2.9792646654132264,0.031,672.0,1.0,0.0,2002.0658551576882,53654.31264035543
4101,no_budget,0.2955,0.165875,3.9411379815837453,0.707375,17195.0,25.58779761904762,16523.0,67767.8675933325,119420.11437853055
4101,nonspatial_budget,0.137375,0.00775,4.758049006504264,0.022375,672.0,1.0,0.0,3197.408932370866,54849.65571756857
4101,proposed,0.139875,0.01025,5.926236127794363,0.026375,671.0,0.9985119047619048,0.0,3976.5044417500176,55628.75122694775
4101,static,0.1355,0.005875,3.291967043866345,0.155375,672.0,1.0,0.0,2212.2018534781837,53864.448638675916
4102,geo,0.144125,0.008625,4.878767276079011,0.052875,670.0,0.9970238095238095,0.0,3268.7740749729373,58591.56975109852
4102,linucb,0.142,0.0065,3.8715155217094765,0.034875,672.0,1.0,0.0,2601.658430588768,57924.45410671436
4102,no_budget,0.293125,0.157625,3.7548418901831435,0.80575,16730.0,24.895833333333332,16058.0,62818.50482276399,118141.30049888954
4102,nonspatial_budget,0.143125,0.007625,4.6542496800704125,0.019625,671.0,0.9985119047619048,0.0,3123.0015353272465,58445.79721145283
4102,proposed,0.14425,0.00875,5.180026010301923,0.0165,672.0,1.0,0.0,3480.9774789228923,58803.773155048504
4102,static,0.139625,0.004125,2.287268748706721,0.180375,671.0,0.9985119047619048,0.0,1534.7573303822098,56857.55300650782
4103,geo,0.142625,0.0075,4.455792285236239,0.05725,670.0,0.9970238095238095,0.0,2985.38083110828,55476.03665298677
4103,linucb,0.14075,0.005625,3.128658550955673,0.035375,671.0,0.9985119047619048,0.0,2099.3298876912563,54589.98570956977
4103,no_budget,0.29075,0.155625,3.996719870258432,0.78425,15245.0,22.686011904761905,14573.0,60929.994422089796,113420.65024396793
4103,nonspatial_budget,0.143375,0.00825,4.513220305385751,0.03625,672.0,1.0,0.0,3032.884045219225,55523.539867097745
4103,proposed,0.143625,0.0085,4.866328093068455,0.0185,671.0,0.9985119047619048,0.0,3265.3061504489337,55755.96197232745
4103,static,0.141875,0.00675,3.9794323111572503,0.17725,671.0,0.9985119047619048,0.0,2670.199080786515,55160.854902665014
4104,geo,0.142875,0.008625,4.624148270465885,0.04875,670.0,0.9970238095238095,0.0,3098.179341212143,56648.733645888635
4104,linucb,0.14025,0.006,3.348295767085104,0.031625,672.0,1.0,0.0,2250.05475548119,55800.60906015771
4104,no_budget,0.3015,0.16725,3.847399709758885,0.82125,17070.0,25.401785714285715,16398.0,65675.11304558416,119225.66735026092
4104,nonspatial_budget,0.14175,0.0075,4.6402719671095225,0.025125,672.0,1.0,0.0,3118.2627618975994,56668.81706657411
4104,proposed,0.142875,0.008625,4.953575641038056,0.018625,672.0,1.0,0.0,3328.802830777574,56879.3571354541
4104,static,0.139625,0.005375,3.111005599316912,0.146625,671.0,0.9985119047619048,0.0,2087.484757141648,55638.03906181816
4105,geo,0.13775,0.008125,5.35389891950663,0.048125,670.0,0.9970238095238095,0.0,3587.112276069442,56214.900323125905
4105,linucb,0.1365,0.006875,4.559750300115123,0.026375,671.0,0.9985119047619048,0.0,3059.5924513772475,55687.3804984337
4105,no_budget,0.28625,0.156625,3.9022468060441273,0.6485,16085.0,23.936011904761905,15413.0,62767.639875219786,115395.42792227647
4105,nonspatial_budget,0.13775,0.008125,5.119243402679581,0.0245,672.0,1.0,0.0,3440.1315666006785,56067.919613657126
4105,proposed,0.138625,0.009,5.378181861182077,0.024625,671.0,0.9985119047619048,0.0,3608.760028853174,56236.54807590961
4105,static,0.133125,0.0035,2.038786384403622,0.155625,672.0,1.0,0.0,1370.0644503192339,53997.852497375665
4106,geo,0.142125,0.01,5.836043506335821,0.053625,670.0,0.9970238095238095,0.0,3910.1491492450004,56143.23129830138
4106,linucb,0.137625,0.0055,3.374968969792344,0.030625,671.0,0.9985119047619048,0.0,2264.604178730663,54497.68632778705
4106,no_budget,0.3,0.167875,3.9475449778807516,0.712,16873.0,25.108630952380953,16201.0,66606.92641178193,118840.00856083816
4106,nonspatial_budget,0.14,0.007875,4.802421469652901,0.020375,672.0,1.0,0.0,3227.2272276067497,55460.30937666313
4106,proposed,0.14025,0.008125,5.457241511526401,0.01525,672.0,1.0,0.0,3667.266295745741,55900.348444802155
4106,static,0.13625,0.004125,2.363612480588113,0.164,671.0,0.9985119047619048,0.0,1585.983974474624,53819.06612353099
4107,geo,0.137,0.008125,5.11630902894339,0.050375,670.0,0.9970238095238095,0.0,3427.9270493920712,55459.36606942448
4107,linucb,0.135125,0.00625,3.5220706320765642,0.025,672.0,1.0,0.0,2366.831464755451,54398.27048478788
4107,no_budget,0.293625,0.16475,3.945172207953194,0.720125,17041.0,25.358630952380953,16369.0,67229.67959573038,119261.11861576281
4107,nonspatial_budget,0.137,0.008125,4.843609859606778,0.058,671.0,0.9985119047619048,0.0,3250.062215796148,55281.50123582857
4107,proposed,0.136875,0.008,4.769531532118446,0.01825,672.0,1.0,0.0,3205.125189583596,55236.564209615986
4107,static,0.135,0.006125,3.6905697816516856,0.19675,672.0,1.0,0.0,2480.062893269933,54511.50191330235
4108,geo,0.135125,0.007875,4.508461862988571,0.048125,670.0,0.9970238095238095,0.0,3020.6694482023427,54302.79002621305
4108,linucb,0.13375,0.0065,3.7304027682916128,0.026,671.0,0.9985119047619048,0.0,2503.100257523672,53785.22083553438
4108,no_budget,0.286375,0.159125,3.9609949561479767,0.651,15924.0,23.696428571428573,15252.0,63074.88368170038,114357.00425971087
4108,nonspatial_budget,0.13425,0.007,3.9157751656814566,0.022625,672.0,1.0,0.0,2631.400911337939,53913.52148934861
4108,proposed,0.13725,0.01,5.673449636643792,0.04675,671.0,0.9985119047619048,0.0,3806.884706187984,55089.00528419867
4108,static,0.131,0.00375,2.172815843261993,0.170625,671.0,0.9985119047619048,0.0,1457.9594308287974,52740.0800088395
4109,geo,0.14075,0.009,5.818768709352326,0.04575,670.0,0.9970238095238095,0.0,3898.575035266058,57390.14358220337
4109,linucb,0.13825,0.0065,4.201446103980095,0.02825,671.0,0.9985119047619048,0.0,2819.170335770644,56310.738882707956
4109,no_budget,0.2975,0.16575,4.082529480789767,0.681875,16558.0,24.639880952380953,15886.0,67598.52314291697,121090.09168985419
4109,nonspatial_budget,0.139875,0.008125,4.84402022111967,0.02075,671.0,0.9985119047619048,0.0,3250.3375683712984,56741.90611530864
4109,proposed,0.1405,0.00875,5.785474152304102,0.016,671.0,0.9985119047619048,0.0,3882.0531561960524,57373.62170313339
4109,static,0.13725,0.0055,3.3950876204664544,0.168375,671.0,0.9985119047619048,0.0,2278.103793332991,55769.67234027031
4110,geo,0.142125,0.007625,4.307014765116772,0.049125,670.0,0.9970238095238095,0.0,2885.6998926282376,57430.6439226644
4110,linucb,0.14,0.0055,3.420981840995174,0.0315,672.0,1.0,0.0,2298.899797148757,56843.8438271849
4110,no_budget,0.295375,0.160875,3.8546040510441193,0.704125,16921.0,25.180059523809526,16249.0,65223.755147717544,119768.69917775369
4110,nonspatial_budget,0.14125,0.00675,4.484429030288373,0.022125,672.0,1.0,0.0,3013.536308353787,57558.48033838992
4110,proposed,0.14225,0.00775,4.642013404605083,0.019,671.0,0.9985119047619048,0.0,3114.7909944900107,57659.735024526126
4110,static,0.1395,0.005,3.0553485602630874,0.160625,671.0,0.9985119047619048,0.0,2050.138883936532,56595.08291397267
4111,geo,0.141375,0.008375,5.300251213640683,0.05,670.0,0.9970238095238095,0.0,3551.168313139258,56598.13366845555
4111,linucb,0.14075,0.00775,5.291920887431449,0.0355,672.0,1.0,0.0,3556.1708363539337,56603.13619167022
4111,no_budget,0.297375,0.164375,4.223426933710374,0.8385,15700.0,23.363095238095237,15028.0,66307.80285925287,119354.76821456944
4111,nonspatial_budget,0.146,0.013,7.875113591670264,0.15075,672.0,1.0,0.0,5292.076333602417,58339.04168891872
4111,proposed,0.141625,0.008625,5.121090401260234,0.020125,672.0,1.0,0.0,3441.372749646877,56488.33810496319
4111,static,0.13775,0.00475,2.6094135067370114,0.149875,672.0,1.0,0.0,1753.5258765272717,54800.491231843596
4112,geo,0.14225,0.008125,4.620179511964842,0.047,670.0,0.9970238095238095,0.0,3095.520273016444,58057.035548756365
4112,linucb,0.141125,0.007,4.1746293624667805,0.032125,671.0,0.9985119047619048,0.0,2801.17630221521,57762.691577955135
4112,no_budget,0.29625,0.162125,3.928337939352449,0.741,16265.0,24.203869047619047,15593.0,63894.41658356759,118855.9318593078
4112,nonspatial_budget,0.14325,0.009125,5.0259769310567926,0.046625,671.0,0.9985119047619048,0.0,3372.4305207391076,58333.94579647903
4112,proposed,0.144875,0.01075,5.5159241812038,0.031,671.0,0.9985119047619048,0.0,3701.1851255877496,58662.70040132769
4112,static,0.13975,0.005625,3.241757511756755,0.148,671.0,0.9985119047619048,0.0,2175.2192903887826,57136.734566128696
4113,geo,0.141875,0.008125,5.10122430240227,0.051875,670.0,0.9970238095238095,0.0,3417.8202826095207,56949.240801745786
4113,linucb,0.1405,0.00675,4.249088844092138,0.02975,672.0,1.0,0.0,2855.387703229917,56386.80822236618
4113,no_budget,0.297625,0.163875,3.690933274944417,0.811625,17916.0,26.660714285714285,17244.0,66126.76055390417,119658.18107304095
4113,nonspatial_budget,0.141,0.00725,4.242647390094753,0.021625,672.0,1.0,0.0,2851.0590461436736,56382.47956527992
4113,proposed,0.142125,0.008375,5.42821994322688,0.02475,671.0,0.9985119047619048,0.0,3642.3355819052363,57173.7561010415
4113,static,0.1395,0.00575,3.2493917352439223,0.189375,672.0,1.0,0.0,2183.591246083916,55715.01176522017
4114,geo,0.142875,0.00925,5.791195855583825,0.045875,670.0,0.9970238095238095,0.0,3880.1012232411626,58227.87604491866
4114,linucb,0.13925,0.005625,3.3321210746532137,0.031625,672.0,1.0,0.0,2239.1853621669597,56586.96018384444
4114,no_budget,0.292,0.158375,3.7783823304380304,0.802,16696.0,24.845238095238095,16024.0,63083.87138899336,117431.64621067083
4114,nonspatial_budget,0.14025,0.006625,3.508927087547731,0.022125,672.0,1.0,0.0,2357.9990028320753,56705.77382450956
4114,proposed,0.140875,0.00725,3.8179299132990607,0.024,671.0,0.9985119047619048,0.0,2561.8309718236696,56909.605793501156
4114,static,0.137125,0.0035,2.305690653565194,0.164375,672.0,1.0,0.0,1549.4241191958106,55897.198940873284
4115,geo,0.144375,0.01,6.288271570384628,0.043875,670.0,0.9970238095238095,0.0,4213.141952157701,57862.37117172952
4115,linucb,0.14175,0.007375,5.316321352924551,0.02575,671.0,0.9985119047619048,0.0,3567.251627812374,57216.480847384184
4115,no_budget,0.299,0.164625,3.865635627731346,0.710125,17444.0,25.958333333333332,16772.0,67432.1478901456,121081.37710971704
4115,nonspatial_budget,0.143,0.008625,5.4360061859609745,0.0235,672.0,1.0,0.0,3652.996156965775,57302.22537653756
4115,proposed,0.143375,0.009,5.810574609601564,0.018875,672.0,1.0,0.0,3904.706137652251,57553.935357224065
4115,static,0.139875,0.0055,3.651477464911201,0.1725,671.0,0.9985119047619048,0.0,2450.141378955416,56099.37059852721
4116,geo,0.135125,0.009625,5.84465736984943,0.0485,670.0,0.9970238095238095,0.0,3915.920437799118,52705.304060129216
4116,linucb,0.132625,0.007125,4.38180198765397,0.032875,671.0,0.9985119047619048,0.0,2940.189133715814,51729.57275604589
4116,no_budget,0.292125,0.166625,3.912434036665348,0.767375,16987.0,25.27827380952381,16315.0,66460.51698083426,115249.90060316412
4116,nonspatial_budget,0.133875,0.008375,5.493118002597576,0.023875,672.0,1.0,0.0,3691.3752977455715,52480.75892007564
4116,proposed,0.13375,0.00825,4.9588634939189715,0.01975,671.0,0.9985119047619048,0.0,3327.3974044196298,52116.78102674971
4116,static,0.129875,0.004375,2.628698129345542,0.19625,672.0,1.0,0.0,1766.485142920204,50555.86876525027
4117,geo,0.14325,0.008875,5.0523321902152984,0.045625,670.0,0.9970238095238095,0.0,3385.06256744425,55795.74036095456
4117,linucb,0.141625,0.00725,3.98118656596479,0.02775,672.0,1.0,0.0,2675.357372328339,55086.03516583866
4117,no_budget,0.297,0.162625,3.991909906433277,0.654375,16569.0,24.65625,15897.0,66141.95523969296,118552.63303320287
4117,nonspatial_budget,0.14275,0.008375,5.062706528857808,0.022625,671.0,0.9985119047619048,0.0,3397.076080863589,55807.75387437394
4117,proposed,0.143625,0.00925,5.639695519497028,0.018375,671.0,0.9985119047619048,0.0,3784.235693582506,56194.91348709281
4117,static,0.13825,0.003875,2.4443547956790144,0.172375,672.0,1.0,0.0,1642.6064226962976,54053.28421620665
4118,geo,0.1455,0.00875,5.3576770069773945,0.0495,670.0,0.9970238095238095,0.0,3589.6435946748543,57210.05347765582
4118,linucb,0.143125,0.006375,4.388565361600964,0.032,671.0,0.9985119047619048,0.0,2944.727357634247,56565.13724061522
4118,no_budget,0.2995,0.16275,3.984939441762089,0.736375,16380.0,24.375,15708.0,65273.30805606302,118893.71793904374
4118,nonspatial_budget,0.14425,0.0075,4.4961040189268155,0.027625,671.0,0.9985119047619048,0.0,3016.8857966998935,56637.29567968085
4118,proposed,0.144625,0.007875,4.410110117446455,0.016375,672.0,1.0,0.0,2963.593998924018,56584.00388190497
4118,static,0.1405,0.00375,2.4437209403093836,0.15725,672.0,1.0,0.0,1642.1804718879057,55262.590354868866
4119,geo,0.142125,0.007875,4.511508241758713,0.048125,670.0,0.9970238095238095,0.0,3022.7105219783375,57383.59526609334
4119,linucb,0.13975,0.0055,3.1141558505314526,0.0235,672.0,1.0,0.0,2092.712731557136,56453.59747567212
4119,no_budget,0.30075,0.1665,3.7833197708942423,0.7885,17573.0,26.15029761904762,16901.0,66484.27833392452,120845.16307803924
4119,nonspatial_budget,0.1405,0.00625,3.6573514311627466,0.02125,672.0,1.0,0.0,2457.7401617413657,56818.62490585632
4119,proposed,0.143375,0.009125,5.976364401584316,0.027625,672.0,1.0,0.0,4016.1168778646606,58377.001621979645
4119,static,0.13975,0.0055,3.420991303765489,0.15675,672.0,1.0,0.0,2298.906156130409,56659.79090024538
4120,geo,0.14275,0.0095,5.8649281394832,0.048875,670.0,0.9970238095238095,0.0,3929.501853453744,57077.989502271375
4120,linucb,0.1405,0.00725,4.375652354230957,0.0345,671.0,0.9985119047619048,0.0,2936.062729688972,56084.550378506574
4120,no_budget,0.292375,0.159125,3.5730578076466464,0.77425,17718.0,26.366071428571427,17046.0,63307.43823588328,116455.9258847008
4120,nonspatial_budget,0.140625,0.007375,4.121107672612394,0.0335,671.0,0.9985119047619048,0.0,2765.2632483229163,55913.75089714051
4120,proposed,0.142125,0.008875,5.345532267567733,0.02475,671.0,0.9985119047619048,0.0,3586.852151537949,56735.33980035556
4120,static,0.138125,0.004875,3.2148019761870694,0.16475,671.0,0.9985119047619048,0.0,2157.1321260215236,55305.619774839135
